Id,Title,Author,Genre,PublicationDate,Status
1,Agent every.,Noah Rhodes,Biography,2011-07-29,Checked Out
2,Opportunity all.,David Guzman,Science Fiction,2012-08-26,Checked Out
3,Respond red information.,Donald Booth,Thriller,1985-04-29,Reserved
4,Future choice whatever from.,Brent Abbott,Thriller,2015-07-18,Checked Out
5,Southern role movie.,Jamie Arnold,Non-Fiction,2017-03-28,Available
6,Those gun court attorney product.,Victoria Wyatt,Fantasy,1981-05-02,Lost
7,Everyone player half have.,Derek Zuniga,Non-Fiction,2018-07-24,Lost
8,Participant commercial.,Carla Gray,Biography,2018-01-05,Lost
9,Detail food shoulder argue start.,Jennifer Jones,Fantasy,2013-01-21,Reserved
10,Defense material those poor.,Charles Mcgee,Fiction,2011-02-20,Reserved
11,Section investment on.,Zachary Taylor,Mystery,2008-01-17,Lost
12,Sense technology.,Christopher Becker,Fiction,2015-01-17,Available
13,His other.,David Tran,Fantasy,1975-03-30,Checked Out
14,Race Mr.,Martin Rodriguez,Science Fiction,2004-01-18,Available
15,Law west then.,Jonathan White,Fantasy,1981-09-13,Lost
16,Fear police participant check several.,Paula Moreno,Thriller,1974-07-02,Lost
17,Food affect upon these story.,Anthony Humphrey,Biography,1979-10-27,Reserved
18,Rule staff.,Kim Martinez,Biography,2019-05-11,Available
19,Water close month parent.,Tanya Campos,Biography,2021-05-28,Checked Out
20,Require human public.,Steven Hayes,Science Fiction,1991-05-01,Available
21,Ask again network.,Adrienne Zimmerman,Fantasy,1978-06-20,Lost
22,Attack all form.,Diana Washington,Thriller,2011-02-26,Lost
23,Rich think office.,John Russell,Historical,1980-11-17,Checked Out
24,Probably great.,Scott Brown,Fiction,2018-12-05,Checked Out
25,Art rock.,Ashley Lee,Science Fiction,2010-12-15,Available
26,Cell contain leg themselves.,Robert Chase,Mystery,1981-02-14,Available
27,Present music.,Brandon Molina,Fantasy,1990-07-19,Checked Out
28,Image loss ten.,Carmen Smith,Non-Fiction,2001-01-10,Available
29,Unit size expect.,Monica Logan,Biography,2019-07-02,Reserved
30,Choice father why often.,Nicole Brown,Non-Fiction,2014-03-19,Checked Out
31,Me system church whether.,Cody Larson,Thriller,2020-05-29,Reserved
32,Identify walk now.,Amanda Miller,Fiction,2019-03-13,Lost
33,North first end prove fire.,Carlos Brewer,Historical,2005-07-29,Reserved
34,Upon very act perform.,Ariel Medina,Thriller,2008-11-19,Reserved
35,Car give attention.,Dustin Kim,Historical,2011-06-05,Checked Out
36,Particularly would pressure.,Robert Evans,Fantasy,2019-08-09,Lost
37,Voice care.,Brian Tran,Mystery,1992-12-29,Reserved
38,Painting response data.,Deborah Freeman,Fantasy,1977-12-01,Lost
39,Plant stop.,Gavin Anderson,Non-Fiction,1992-04-14,Reserved
40,Scientist necessary into.,Benjamin Ware,Historical,1984-08-08,Reserved
41,Along hard need involve among.,Timothy Stanton,Biography,1977-03-05,Checked Out
42,Decide economic bill sister.,Jennifer Oliver,Biography,1984-12-23,Available
43,Ten wish specific.,Allison Doyle,Thriller,1997-01-24,Lost
44,Soon ten specific environment.,Ashley Brennan,Fiction,2006-06-29,Lost
45,Current truth glass.,Shelby Walker,Science Fiction,2019-05-18,Lost
46,Huge everything attorney.,Heather Hicks,Science Fiction,2020-09-13,Reserved
47,Former agree theory end oil.,Mrs. Linda Reed,Science Fiction,1995-10-22,Checked Out
48,Paper memory history office.,Michael Smith,Science Fiction,2011-02-07,Lost
49,Hair attorney professional.,Erik Charles,Fiction,2023-06-10,Reserved
50,Medical project for.,Kristen Lee,Fiction,2019-09-16,Lost
51,Quality total past feeling.,April Mitchell,Non-Fiction,2003-09-18,Lost
52,Parent focus kid put memory.,Toni Fitzgerald,Biography,2019-04-18,Reserved
53,Exist professional.,Anna Crane,Science Fiction,1990-06-11,Available
54,Different current agency.,John Atkinson,Mystery,1979-06-02,Checked Out
55,Increase picture create recent.,David Douglas Jr.,Fantasy,1981-09-18,Lost
56,Despite sound receive let.,Sylvia Martinez,Historical,1983-07-15,Available
57,Property write other wear.,Lisa Ball,Science Fiction,2008-10-23,Lost
58,Store natural today season.,David Wright,Fantasy,2017-11-08,Reserved
59,She miss phone.,Billy Mitchell,Historical,1992-12-13,Available
60,Floor music catch discuss.,Michelle Brown,Historical,2002-03-13,Reserved
61,My indeed deal information.,Lauren Dominguez,Historical,2013-08-20,Checked Out
62,Local wall fear hope.,Sara Medina,Fantasy,2024-06-14,Lost
63,Son today major event magazine.,Michael Yates,Biography,2023-09-28,Reserved
64,Subject try wonder.,Susan Vargas,Fantasy,2019-07-30,Available
65,Base investment.,Catherine Green,Science Fiction,1996-09-26,Reserved
66,Lawyer front they.,Trevor Fisher,Historical,1980-01-13,Checked Out
67,Affect much yourself glass.,Rachael Pearson,Mystery,1976-07-28,Available
68,Current after charge.,Michael Elliott,Historical,1989-04-17,Lost
69,Record short cold parent.,Ashley Weiss,Mystery,1995-08-17,Checked Out
70,Official up.,Susan Brooks,Historical,2023-02-12,Checked Out
71,Away real physical.,Raymond Jefferson,Historical,2015-04-27,Available
72,Someone not American.,Mary Jones,Science Fiction,2018-07-11,Checked Out
73,Actually information majority item.,Steven Stevens,Fantasy,1984-11-14,Reserved
74,Computer miss practice pattern.,Patricia Marshall,Fiction,2024-03-16,Checked Out
75,Environmental system store beautiful think.,John Bishop,Fiction,2000-04-01,Lost
76,Agreement surface consider deep.,Gina Beard,Science Fiction,2022-03-06,Reserved
77,New might course.,Jason Peters,Fantasy,1990-10-25,Reserved
78,Position make society behavior.,Michael Torres,Non-Fiction,2014-01-13,Lost
79,List most international second.,Michael Nelson,Non-Fiction,1991-07-27,Checked Out
80,Building court build.,Pamela Lopez,Biography,1989-03-09,Checked Out
81,Everybody operation set others.,Dr. Elizabeth Ward,Mystery,1995-01-11,Checked Out
82,Remain call.,Anthony Carter,Historical,1983-01-20,Reserved
83,Bill activity expect long.,Vincent King,Non-Fiction,2006-12-21,Lost
84,State husband.,Mark Brown,Fiction,1984-08-12,Available
85,We be easy newspaper indicate.,Lisa Rowe,Biography,2000-05-06,Checked Out
86,Training father open investment.,Amy Choi,Science Fiction,1981-03-19,Reserved
87,Personal enough ball.,Juan Moore,Biography,2002-04-05,Available
88,Ready like allow explain.,Scott Jones,Fantasy,1990-05-06,Checked Out
89,Skin person product.,Jessica Stephens,Fiction,2018-07-14,Lost
90,Training step author.,Eric Curry,Non-Fiction,2013-03-12,Available
91,Keep light fight.,Dillon Fernandez,Non-Fiction,2004-04-01,Available
92,Our threat.,Lindsey Johnson,Thriller,1990-01-14,Checked Out
93,Onto again share start office.,Casey Stone,Non-Fiction,2004-07-21,Reserved
94,Consider one play.,Brandon Bailey MD,Non-Fiction,2020-01-24,Lost
95,Tax form.,Donna Landry,Biography,2011-11-23,Checked Out
96,Lawyer fire.,Wayne Powell,Non-Fiction,2009-06-24,Lost
97,Price my.,Cody Cox,Biography,2008-05-20,Available
98,Kind appear environment capital explain.,Kari Johnson,Non-Fiction,2017-05-02,Checked Out
99,Son report financial add impact.,Ryan Wilson,Science Fiction,1982-06-15,Available
100,Marriage respond meeting.,Ruben Baird,Science Fiction,1991-01-17,Available
101,Necessary himself two meet.,Sharon Hill,Mystery,2002-09-12,Available
102,Various meet star executive.,Kevin Duarte,Fiction,2007-10-13,Reserved
103,Land machine forward.,Jamie Cantu,Thriller,1987-04-19,Available
104,Occur do simply.,Patrick Thornton,Fiction,2000-05-27,Checked Out
105,Write society present charge.,Beth Sanford,Fiction,1997-01-19,Lost
106,Them key.,Joyce Bowen,Non-Fiction,2002-05-12,Lost
107,Avoid sit enter.,Jennifer Miller,Biography,1996-10-26,Available
108,Here first responsibility service their.,Barry Welch,Science Fiction,1994-01-06,Lost
109,Section its better.,Shelia Wallace,Historical,2021-09-08,Available
110,Tough animal someone.,James Thomas,Mystery,2010-08-10,Reserved
111,Not society color bad.,Lisa Allen,Non-Fiction,2014-02-22,Lost
112,Discussion point least.,Stephanie Marshall,Science Fiction,1994-01-13,Reserved
113,Citizen kid generation onto police.,David Bruce,Science Fiction,1988-01-07,Checked Out
114,Table blood high grow.,Michael Johnson,Fiction,2019-04-03,Reserved
115,Ever not rate seat.,Larry Crawford,Science Fiction,1993-12-08,Checked Out
116,Parent good PM.,Megan Le,Fiction,2019-04-27,Checked Out
117,Pick tough position.,Jeremiah Riley,Thriller,2024-04-18,Checked Out
118,Bed far section.,Carlos Ryan,Science Fiction,1999-05-11,Reserved
119,Maybe evening clearly trial want.,Elizabeth Harrell,Fantasy,1982-04-19,Lost
120,While cell whom team.,Veronica Coffey,Thriller,2012-05-21,Reserved
121,Bed house enough buy.,Paul Baker,Thriller,2000-05-22,Lost
122,Board doctor agent this.,Suzanne Walker,Fiction,1978-10-06,Reserved
123,Travel few impact cause.,Elizabeth Vasquez,Non-Fiction,1981-01-27,Available
124,Thought career law.,Natalie Bautista,Thriller,2002-12-25,Checked Out
125,Score choice increase between majority.,Trevor Johnson,Non-Fiction,1999-09-04,Reserved
126,Kitchen wear talk.,Michael Stephens,Historical,2018-05-05,Checked Out
127,Art every why we.,Anna Lewis,Thriller,2017-12-23,Checked Out
128,Wife anything four writer skin.,Ronald Spencer,Biography,2014-05-13,Lost
129,Spend do similar.,Linda Ramirez,Fiction,1984-04-22,Checked Out
130,Music sometimes body.,Bonnie Howard,Historical,1990-08-26,Available
131,Food company appear score moment.,Karen Strickland,Fiction,2009-05-21,Checked Out
132,Board mean war analysis situation.,Kelly Ellis,Non-Fiction,1976-07-31,Lost
133,Your suggest.,Brian Joseph,Fiction,2004-08-23,Lost
134,Tonight focus.,Cameron Weber,Mystery,2014-04-18,Reserved
135,Republican herself our far measure.,Ricky Wilson,Non-Fiction,2019-01-05,Checked Out
136,Result Democrat later direction fund.,Jason Davis,Fantasy,2003-07-03,Reserved
137,Professor hear check type.,Ronald Davis,Science Fiction,1981-01-12,Checked Out
138,Speech news only no.,Bryan Gomez,Thriller,2019-09-27,Lost
139,Test return why outside.,Kenneth Lewis,Fantasy,2019-02-25,Lost
140,Difference board suddenly happen.,Laura Aguirre,Science Fiction,2012-08-19,Reserved
141,Party poor ago upon stop.,Christopher Park,Fiction,1995-06-27,Reserved
142,Go consider century price.,Patrick Bonilla,Biography,1980-09-14,Lost
143,Democrat information game have return.,Latoya Miller,Fantasy,1978-01-15,Reserved
144,Church pay purpose.,Matthew Tucker,Historical,2004-07-17,Available
145,Event sense box involve.,Michael Tucker,Fiction,2019-11-10,Reserved
146,Animal house out.,Eric Clark,Thriller,1983-10-19,Lost
147,Face build market.,Carl Patel,Science Fiction,1990-02-13,Checked Out
148,Next property government however.,Jessica Stevens,Mystery,1979-10-05,Lost
149,Office of remember individual.,Alex Nguyen,Non-Fiction,2016-07-10,Lost
150,Story turn because such.,Kevin Warren,Fiction,2001-05-23,Checked Out
151,Second develop single.,Mark Schmidt,Biography,1987-08-28,Lost
152,Go when population challenge.,David Thompson,Thriller,1984-11-11,Lost
153,Concern significant.,Paul Wolf MD,Mystery,2012-11-15,Available
154,Follow wife firm key light.,Rebecca Vargas,Science Fiction,1998-05-30,Lost
155,Avoid left also hard.,Matthew Madden,Fantasy,1980-08-09,Checked Out
156,Order his oil west school.,Terry Armstrong,Historical,1987-04-09,Checked Out
157,Painting may whatever late.,Sara Haas,Science Fiction,1980-03-14,Reserved
158,Position always remain yard.,Lisa Cox,Thriller,1993-09-17,Lost
159,Impact full our smile.,Andrea Davis,Mystery,2020-08-16,Available
160,Exist rich prevent trade.,Felicia Aguilar,Historical,1984-02-01,Reserved
161,Financial prevent product can.,Angela Hansen,Science Fiction,2018-04-02,Checked Out
162,Spend prove stock school.,Kelsey Lucas,Biography,2003-04-10,Reserved
163,Gun guy Congress degree way.,Mr. Chad Jones,Non-Fiction,1981-05-05,Reserved
164,Side strong this also.,Ralph Anderson,Thriller,2000-02-05,Available
165,Class story side.,Carol Kim,Non-Fiction,2002-06-02,Available
166,Put down know expect.,Joann Ferguson,Historical,1995-07-09,Checked Out
167,Tough create question now.,Randy Strickland,Fiction,2008-09-06,Lost
168,Industry class current painting their.,John Watson,Science Fiction,1981-06-10,Checked Out
169,Surface expect several evening town.,Jeffrey Potts,Biography,1989-07-27,Available
170,This us increase how.,James Miller,Science Fiction,1989-09-27,Lost
171,Five between.,Gabriela Thomas,Thriller,1977-01-25,Available
172,True line story.,Julie Gilbert,Fantasy,1979-11-08,Checked Out
173,Eight strong.,Monica Rose,Historical,1982-01-10,Available
174,Down business draw.,Lisa Brown,Historical,2008-06-22,Available
175,Movie place offer responsibility fact.,Harry Duncan,Fantasy,1987-03-17,Lost
176,Model guess.,Kimberly Hartman,Biography,2009-01-02,Checked Out
177,After them analysis hit health.,Heather Jones,Thriller,1990-11-14,Available
178,Billion old series card good.,Marvin Greer,Non-Fiction,2021-01-19,Lost
179,Wonder long consider care.,Terri Johnson,Fantasy,1988-03-06,Reserved
180,Social though.,Eric Sanders,Science Fiction,2011-06-01,Reserved
181,Education send course ground.,Sharon Rivera,Science Fiction,1982-12-06,Reserved
182,Join hundred keep what.,Cody Holt,Mystery,1999-06-17,Checked Out
183,Entire bar interesting issue yet.,Edward Garcia,Science Fiction,1996-10-10,Available
184,Fill owner international.,Heather Williams,Fantasy,1998-06-14,Reserved
185,Your ever woman way avoid.,Heidi Owen,Fantasy,2020-09-10,Available
186,Well central parent.,Amanda Jones,Mystery,2018-05-13,Available
187,Gun we allow check.,Jacob Wallace,Science Fiction,1979-09-10,Checked Out
188,Case happen fire everything whether.,Cody Holmes,Biography,2012-09-06,Available
189,Energy employee land.,Donna Hendricks DDS,Biography,1982-10-22,Reserved
190,Table later together.,Brandon Fleming,Historical,1996-03-17,Checked Out
191,Remember nearly face feel.,Michael Graves,Historical,1986-04-23,Checked Out
192,Meeting building cut catch.,Allison Spencer,Historical,1999-07-26,Lost
193,Sound necessary partner beat.,Zachary Higgins,Thriller,2010-03-27,Checked Out
194,Shoulder statement available win.,Joanna Frazier,Biography,1997-11-26,Reserved
195,There sister policy.,Vincent Reynolds,Science Fiction,1978-03-26,Reserved
196,Million fight class.,Courtney Meza,Thriller,2009-10-09,Checked Out
197,Suffer economy play.,Beth Turner,Biography,2010-10-06,Checked Out
198,Maybe collection.,Brittany Hopkins,Mystery,2023-07-02,Checked Out
199,Front under American tell ball.,Patricia Baker,Historical,1988-10-21,Reserved
200,Indicate police marriage phone face.,Karen Ballard,Science Fiction,2021-01-27,Available
201,Father authority art keep.,Mr. Lawrence Edwards,Fiction,2023-05-07,Available
202,Safe team wish candidate.,Justin Flores,Fiction,2006-03-16,Reserved
203,Environment easy best.,James Gilbert,Non-Fiction,1991-05-10,Lost
204,Spend value return.,Christopher Ferrell,Fantasy,2006-03-24,Lost
205,These market bed hotel.,David Aguilar,Non-Fiction,1977-10-09,Checked Out
206,Example our.,Megan Mitchell,Biography,1975-01-07,Reserved
207,Issue think.,Pamela Diaz,Non-Fiction,2001-09-20,Available
208,Now crime.,Angel Gordon,Science Fiction,2011-11-17,Checked Out
209,Stay perhaps particularly.,Brent Brooks,Thriller,1997-07-15,Checked Out
210,Voice sense current meeting matter.,Chad Cook,Biography,2006-09-12,Lost
211,Lead paper middle foreign party.,William Stevenson,Non-Fiction,1994-10-28,Available
212,From stock mother remember feel.,Isabella Nunez,Science Fiction,2002-10-22,Checked Out
213,Film together the picture others.,Matthew Stanton,Thriller,2013-10-29,Available
214,Dinner anything lose modern return.,Jamie Underwood,Biography,1990-12-10,Reserved
215,Occur red.,Jeremy Barnes,Thriller,2002-07-25,Available
216,Improve simple turn.,Nancy Brown,Fantasy,1983-11-10,Reserved
217,Debate foot production moment finish.,Thomas Peterson,Fiction,1998-07-27,Checked Out
218,Particular court east.,Courtney Dudley,Historical,1994-09-18,Available
219,Relate real major.,Justin Michael,Science Fiction,2023-07-28,Lost
220,Explain of myself.,Jennifer Reed,Fiction,1984-06-05,Available
221,Among western bad.,Mary Burgess,Science Fiction,1989-01-08,Available
222,Still even no.,Brian Yang,Science Fiction,1990-09-29,Reserved
223,Anything toward difficult.,Brett Rivera,Mystery,2006-08-10,Lost
224,Race case.,Vanessa Moore,Thriller,2018-11-21,Lost
225,Local current white fly.,Susan Davis,Historical,2013-07-13,Reserved
226,Movement rich view.,Carrie Khan,Biography,1986-06-04,Checked Out
227,Young however.,Timothy Hayden DVM,Biography,1977-01-04,Lost
228,Fear owner.,Frances Gibson,Mystery,2018-02-06,Reserved
229,Modern threat care mean evening.,Erin Simon,Non-Fiction,2018-07-30,Checked Out
230,Responsibility add front.,Michael Lee,Thriller,2016-01-14,Lost
231,Still middle beautiful protect.,Charles Morris,Mystery,1991-05-05,Lost
232,End dog.,Tiffany Turner,Thriller,2023-08-27,Reserved
233,Activity president realize artist brother.,Jared Shaw,Science Fiction,2022-05-04,Available
234,Real police wait.,Daniel Bernard,Biography,2007-01-01,Checked Out
235,Lawyer writer health.,Susan Todd,Biography,2019-08-27,Lost
236,Seven quite other.,Kelly Rice,Non-Fiction,1999-01-30,Lost
237,True born.,Stephanie Harris,Mystery,2010-12-24,Checked Out
238,Clearly take kind.,Michelle Burns,Fiction,2009-03-11,Checked Out
239,Speak law message lead.,Joel Roman,Non-Fiction,2023-09-06,Available
240,How staff.,Laura Williams,Science Fiction,1997-11-27,Available
241,Must art.,Victoria Kennedy,Thriller,1993-12-30,Reserved
242,Conference career political role.,Jacqueline Vance,Thriller,2004-12-25,Reserved
243,Heart radio product much.,Hannah White,Fiction,2011-01-08,Checked Out
244,More road development about.,Edwin Nunez,Non-Fiction,2011-07-06,Lost
245,Mother statement easy get.,Timothy Hardy,Fantasy,1982-02-20,Available
246,Special information.,Stacey Smith,Science Fiction,1988-06-26,Reserved
247,Beyond almost.,Michele Williams,Non-Fiction,1977-06-21,Checked Out
248,Keep music senior simply.,Wyatt Young,Mystery,2024-03-28,Available
249,Five our pull fly few.,Matthew Walker,Biography,1994-11-28,Reserved
250,Article we they.,Lori Simmons,Biography,2008-03-09,Available
251,Win walk.,Rachel Flores,Thriller,2002-10-16,Checked Out
252,Chance heavy senior list.,Elizabeth Zimmerman,Thriller,2005-12-20,Reserved
253,None whose.,Brandi Sanchez,Non-Fiction,1988-04-18,Available
254,Position two suggest begin.,Cheryl Adams,Fiction,2020-04-21,Reserved
255,Owner them could seven right.,Karen Booth,Fiction,1997-02-12,Available
256,Whatever address view.,Autumn Key,Non-Fiction,2007-01-19,Available
257,Receive region however.,Frank Campbell,Non-Fiction,2006-03-10,Available
258,Possible final growth third letter.,Miranda Gill,Mystery,1996-04-02,Reserved
259,Have including none.,Charles Green,Non-Fiction,2014-03-16,Lost
260,Result far cultural discover now.,Juan Harding,Non-Fiction,1997-06-07,Reserved
261,Shake major rich.,Julia Oconnor,Mystery,1998-06-05,Checked Out
262,Cause national contain.,Wanda Bernard,Fiction,2010-02-11,Available
263,Stuff avoid.,Amber Smith,Non-Fiction,1983-10-26,Lost
264,Discuss religious across media health.,Mary Jensen,Fiction,2007-05-06,Checked Out
265,Administration mother in admit.,Kimberly Mitchell,Historical,2008-08-20,Available
266,South travel blood benefit.,Corey Fox,Science Fiction,1998-07-31,Reserved
267,Some bad where.,David Terry,Thriller,1994-11-15,Available
268,President teach.,Anna Gray,Biography,2012-01-27,Reserved
269,Argue act commercial matter.,Richard Knight,Historical,1980-12-13,Reserved
270,Try discover top realize note.,Thomas Cohen,Thriller,1993-07-16,Lost
271,Nor allow up fire which.,Nicole Marquez,Science Fiction,2001-07-25,Available
272,Federal nor.,Sarah Rhodes,Thriller,2011-03-31,Lost
273,Himself science so ready.,Patrick Reed,Fiction,1981-02-08,Reserved
274,Discussion away painting pass.,Tracy Nguyen,Historical,2017-08-12,Lost
275,Situation late direction.,Jaime Lopez,Thriller,2014-05-01,Reserved
276,Beat peace something require.,Christian Dawson,Thriller,2017-08-06,Reserved
277,Science first blood.,Eric Ward,Science Fiction,1992-10-26,Reserved
278,Car cost.,Justin Russell,Biography,1976-03-31,Reserved
279,Government behavior.,Erika Cruz,Fantasy,1994-04-27,Checked Out
280,Hold be top toward.,Laura Jackson,Thriller,2000-05-15,Lost
281,Catch feeling manage.,Jeffrey Fisher,Biography,2007-05-31,Available
282,Guess want.,Kathleen Jensen,Thriller,2005-08-14,Lost
283,Career according.,Ryan James,Fantasy,1996-11-19,Reserved
284,Friend spring teacher wind.,Frank Valentine,Thriller,1988-02-17,Reserved
285,Fire who why fact.,Katherine Johnston,Fiction,1990-12-16,Available
286,Heavy staff hotel box.,Leslie Gardner,Thriller,2020-11-07,Checked Out
287,Agree road wall decide something.,Andrea Abbott,Thriller,2002-04-21,Checked Out
288,Cause field education child.,James Cole,Historical,2015-02-24,Lost
289,Old move type thank.,Andrew Schmitt,Mystery,2022-03-17,Reserved
290,Order trial body eat professor.,Lonnie Hart,Non-Fiction,2018-05-10,Available
291,Whom former someone black.,Daniel Burgess,Fiction,2012-06-07,Checked Out
292,Reach determine hear leg quickly.,Brittany Cuevas,Non-Fiction,2007-04-25,Lost
293,Far turn.,Ronald Cross,Fantasy,1998-03-01,Checked Out
294,Gas six miss.,Brent Bowen,Historical,2005-04-01,Checked Out
295,Attack and represent against.,Brian Marsh,Fiction,1991-01-22,Lost
296,Company civil nice when discussion.,Cody Davidson,Historical,2003-11-13,Available
297,Ahead pass culture or.,Michael Harris,Biography,2022-05-09,Available
298,Officer son.,Holly Gonzalez,Fantasy,1982-03-20,Lost
299,Provide majority whole.,James Long,Fantasy,1982-03-27,Lost
300,Goal leader common purpose.,Tamara Lawrence,Thriller,2020-03-13,Reserved
301,Finish draw bring.,Charles Price,Historical,2015-01-18,Reserved
302,Offer institution main.,Tamara Arias,Biography,1986-04-01,Reserved
303,Cold eye cost success people.,Tiffany Washington,Fantasy,1987-09-27,Checked Out
304,White measure manager range.,Ryan Burns,Mystery,1980-02-01,Reserved
305,Air set factor ever Mrs.,Jim Newton,Thriller,2008-03-02,Reserved
306,Member of environmental myself yard.,Nicole Wolf,Fantasy,2004-06-30,Checked Out
307,Despite interesting save president easy.,Amanda Baker,Thriller,1980-05-18,Available
308,Tend bring speech decide.,Melissa Callahan,Fantasy,2015-12-28,Checked Out
309,Into pattern size spend south.,Kim Carlson,Mystery,1985-12-02,Reserved
310,Without fall of weight.,Stephanie Ochoa,Mystery,1983-09-09,Reserved
311,Try yeah term camera.,Danielle Dawson,Fiction,1991-04-23,Lost
312,Majority officer environmental increase.,Mark Beard,Biography,1980-10-17,Reserved
313,Middle everything view hard.,Erin Smith,Historical,2024-04-27,Lost
314,Room learn.,Heather Brown,Biography,2010-10-30,Reserved
315,Design involve deep environmental.,Gail Lane,Fantasy,2012-12-26,Lost
316,Small thus several animal.,Sara Smith,Historical,1985-03-18,Reserved
317,Lead yeah into yet.,Sonia Turner,Historical,1993-02-08,Lost
318,Pressure economy.,Steven Martin,Science Fiction,2001-06-07,Reserved
319,Figure record doctor pretty region.,John Anderson,Non-Fiction,1989-11-08,Lost
320,Quite act receive stage write.,Carlos Jones,Fiction,2000-07-12,Available
321,Room bill.,Stanley Taylor,Thriller,1983-07-10,Checked Out
322,Attention none particular.,Gregory Lewis,Thriller,1984-10-05,Lost
323,Pattern kind describe to.,Bryce Blair,Non-Fiction,1998-05-20,Available
324,Fire cause everybody base.,Lindsay Lawson,Fantasy,2021-06-12,Checked Out
325,Summer probably.,Joseph Hicks,Science Fiction,2001-02-13,Checked Out
326,Position six soldier.,James Allen,Historical,2017-11-18,Checked Out
327,Audience thousand activity guess first.,Ryan Fisher,Thriller,2011-08-22,Reserved
328,Several west side.,Austin Baker,Fantasy,1977-03-03,Reserved
329,We huge.,Micheal Wang,Non-Fiction,2003-04-15,Available
330,Bar Mr pattern everyone.,Jorge Harris,Historical,1985-01-12,Reserved
331,Force only shake power poor.,Jeffrey Ashley,Fiction,1990-09-13,Lost
332,Each under.,Logan Brown,Science Fiction,2019-10-15,Available
333,Budget remain reduce.,Troy Mills,Science Fiction,2023-07-05,Checked Out
334,Cold camera sit.,Stephen Wise,Mystery,1976-06-16,Checked Out
335,Southern evening ask Republican.,Angela Gibson,Biography,1998-12-19,Reserved
336,Matter note.,David Garcia,Fiction,2013-07-07,Reserved
337,Direction meeting.,Scott Sanchez,Fiction,2006-07-25,Lost
338,Him change use tax.,Suzanne Yang,Fantasy,2002-12-31,Reserved
339,Focus indicate result.,Blake Watson,Fiction,2008-08-16,Available
340,Conference source.,Dr. Andrea Marshall,Fantasy,1993-09-02,Checked Out
341,Force network account.,Justin Torres,Thriller,2016-11-01,Available
342,Less option management.,Christie Mccullough,Non-Fiction,1991-02-21,Reserved
343,According improve do.,Ryan Wiley,Fantasy,1997-04-04,Checked Out
344,Serve heavy.,Elizabeth Harris,Thriller,1990-09-01,Lost
345,Man art young Republican.,Thomas Merritt,Mystery,2009-10-30,Available
346,Red head window be.,Casey Wilkins,Non-Fiction,1979-07-21,Checked Out
347,Nothing itself who door end.,Robert Haynes,Fantasy,1996-08-30,Available
348,Laugh do want carry.,Ashley Garcia,Fiction,2005-01-20,Reserved
349,Finish building group show.,John Phelps,Fantasy,1980-08-12,Reserved
350,Space fight relate.,Cindy Gates,Historical,1984-07-21,Checked Out
351,Represent why.,Anthony Evans,Fiction,1986-04-17,Reserved
352,Weight take.,Krista Davis,Mystery,1981-05-24,Available
353,Building article sit.,Craig Morales,Historical,2021-02-28,Checked Out
354,Visit base only true avoid.,Christina Brewer PhD,Science Fiction,1980-09-20,Lost
355,Business walk anything under.,Nathaniel Crawford,Biography,2000-07-03,Checked Out
356,Common Democrat cost evidence.,Amanda Harvey,Non-Fiction,1991-03-10,Lost
357,Material third look.,James Barnes,Fantasy,2018-03-12,Reserved
358,Eat yes myself affect him.,Karen Harrington,Non-Fiction,1997-11-15,Available
359,Maybe home conference five despite.,Paula Brown,Fantasy,2006-07-23,Checked Out
360,Group once do city easy.,Joseph Moody,Fiction,1978-04-07,Available
361,Offer work home.,Wendy Thompson,Non-Fiction,1990-07-23,Available
362,Fish scene grow option region.,Keith Thomas,Non-Fiction,1987-04-09,Available
363,My compare also argue.,Alicia Woods,Mystery,1997-01-13,Lost
364,Cut candidate response try such.,Alex Willis,Non-Fiction,1984-02-06,Available
365,Suffer team.,Jacqueline Mcmahon,Mystery,2001-05-19,Available
366,Big few carry church we.,Toni Banks,Biography,1986-04-25,Available
367,Really up skin development open.,Eric Barker,Fantasy,1983-02-16,Available
368,Rock we we.,Zachary Sanford,Non-Fiction,1976-08-30,Available
369,Own TV whose.,Keith Zuniga,Mystery,1984-01-12,Lost
370,Seat draw word collection.,Ann Fletcher,Fiction,2017-12-13,Checked Out
371,Land enter economic attack.,Brian Smith,Fiction,2000-09-21,Lost
372,Run why this manage.,Joshua Garcia,Fiction,2007-02-02,Reserved
373,Prepare reach class available suffer.,Fernando Lynn,Non-Fiction,1979-07-06,Checked Out
374,Color heart rule natural.,Anna Wheeler,Biography,2016-03-21,Lost
375,Relate issue president parent.,Anthony Rivera,Historical,1987-05-23,Reserved
376,Recent reveal role enter.,David Williams,Mystery,2013-05-15,Lost
377,Style child guess into far.,Lindsay Gonzalez,Fantasy,1976-03-18,Reserved
378,Color factor bank.,Elizabeth Sanders,Fantasy,2007-09-29,Checked Out
379,Before name continue.,Jaclyn Griffin,Science Fiction,1992-05-18,Reserved
380,Let difficult environmental article.,Mary Miller,Biography,1997-11-08,Available
381,Including series dinner article hit.,Tracie Mcdaniel,Mystery,2006-10-09,Available
382,Think live bad total research.,Stephanie Mcbride,Science Fiction,2020-07-26,Reserved
383,Challenge we last we cold.,Corey Williams,Thriller,1979-10-17,Checked Out
384,Dark state challenge organization.,Nicholas Aguirre,Fantasy,1980-05-20,Lost
385,News need task mind.,Alexandria Graves,Fantasy,2014-06-12,Reserved
386,Site both change note old.,Ariel Garcia,Historical,1981-05-02,Checked Out
387,Test they there.,Matthew Armstrong,Biography,2006-08-26,Reserved
388,Common idea.,Melanie Morales,Non-Fiction,2001-05-24,Lost
389,Real any little environmental.,George Leon,Fantasy,1995-08-15,Checked Out
390,Successful teach range.,Crystal Turner,Biography,2004-08-12,Checked Out
391,Especially indicate population could.,Rodney Figueroa,Fiction,2009-08-10,Lost
392,Start middle city find.,Brandy York,Fantasy,2013-02-27,Lost
393,Community themselves.,Anthony Johnson,Science Fiction,1977-11-25,Lost
394,Relate ever statement measure.,Becky Johnson,Fantasy,1999-10-22,Checked Out
395,Order concern that only.,Christopher Kline,Thriller,2021-05-03,Lost
396,Expect hit.,Kenneth Hanna,Science Fiction,1989-07-10,Available
397,Question especially important.,Richard Saunders,Science Fiction,1975-01-25,Reserved
398,Treatment positive over across.,Robert Torres,Mystery,2022-09-25,Lost
399,Interest heavy give.,John Byrd,Mystery,2016-11-23,Available
400,Once account yourself whom.,Kristina Wheeler,Biography,1993-09-11,Lost
